order_id,customer_id,product_id,order_date,promised_delivery_date,actual_delivery_date,order_status,order_quantity,fulfilled_quantity,delay_days
1479,2439,3472,2021-05-19,2021-05-23,2021-05-21,Delivered,449,413,-2
1834,2460,3096,2021-09-30,2021-10-07,2021-10-07,Delivered,100,40,0
1085,2999,3415,2021-04-18,2021-04-24,2021-04-23,Delivered,347,123,-1
1809,2767,3121,2021-08-23,2021-08-27,2021-08-25,Delivered,435,156,-2
1431,2478,3250,2021-09-24,2021-09-30,2021-09-30,Canceled,159,273,0
1053,2252,3283,2021-03-01,2021-03-08,2021-03-07,Canceled,460,184,-1
1943,2582,3152,2021-04-17,2021-04-21,2021-04-19,Delivered,336,392,-2
1818,2980,3005,2021-04-28,2021-05-04,2021-05-02,Canceled,390,208,-2
1191,2460,3023,2021-10-23,2021-10-28,2021-10-28,Delivered,419,113,0
1145,2531,3433,2021-12-28,2022-01-03,2022-01-03,Delivered,431,385,0
1085,2140,3406,2021-01-03,2021-01-07,2021-01-07,Canceled,340,165,0
1872,2440,3105,2021-03-03,2021-03-10,2021-03-10,Delivered,407,197,0
1767,2699,3224,2021-02-04,2021-02-08,2021-02-08,Delivered,127,417,0
1814,2589,3453,2021-01-14,2021-01-18,2021-01-16,Delivered,57,441,-2
1494,2345,3296,2021-10-23,2021-10-28,2021-10-28,Delivered,331,279,0
1613,2578,3303,2021-09-12,2021-09-19,2021-09-18,Delivered,491,429,-1
1374,2749,3478,2021-01-09,2021-01-14,2021-01-13,Canceled,490,240,-1
1917,2975,3042,2021-07-16,2021-07-23,2021-07-22,Delivered,372,402,-1
1323,2595,3058,2021-07-31,2021-08-06,2021-08-06,Canceled,448,194,0
1579,2337,3139,2021-08-12,2021-08-17,2021-08-17,Delivered,115,226,0
1634,2122,3143,2021-02-13,2021-02-18,2021-02-16,Delivered,105,408,-2
1758,2789,3030,2021-06-20,2021-06-25,2021-06-24,Delivered,267,412,-1
1528,2624,3034,2021-09-10,2021-09-14,2021-09-15,Delayed,494,99,1
1967,2220,3151,2021-05-21,2021-05-26,2021-05-26,Delivered,13,22,0
1941,2842,3138,2021-11-05,2021-11-09,2021-11-08,Delivered,362,310,-1
1207,2495,3270,2021-10-18,2021-10-25,2021-10-23,Delivered,116,87,-2
1930,2479,3076,2021-11-09,2021-11-14,2021-11-13,Canceled,87,67,-1
1043,2038,3127,2021-04-03,2021-04-08,2021-04-07,Delivered,227,226,-1
1909,2107,3156,2021-11-07,2021-11-11,2021-11-11,Canceled,53,182,0
1913,2709,3114,2021-05-14,2021-05-18,2021-05-18,Delivered,303,307,0
1729,2847,3126,2021-10-08,2021-10-13,2021-10-11,Delivered,172,468,-2
1122,2878,3329,2021-01-02,2021-01-08,2021-01-06,Delivered,263,168,-2
1389,2271,3475,2021-02-21,2021-02-28,2021-02-26,Delivered,55,262,-2
1835,2509,3011,2021-04-21,2021-04-27,2021-04-25,Delivered,128,470,-2
1564,2061,3410,2021-07-03,2021-07-07,2021-07-06,Canceled,114,144,-1
1216,2860,3273,2021-06-01,2021-06-05,2021-06-03,Canceled,383,298,-2
1842,2276,3058,2021-09-18,2021-09-22,2021-09-20,Delivered,61,92,-2
1351,2661,3212,2021-10-04,2021-10-11,2021-10-09,Canceled,411,56,-2
1507,2105,3373,2021-03-07,2021-03-13,2021-03-12,Delivered,417,152,-1
1800,2488,3307,2021-04-25,2021-04-30,2021-04-28,Delivered,237,450,-2
1825,2055,3479,2021-07-20,2021-07-25,2021-07-23,Delivered,142,279,-2
1876,2424,3045,2021-12-05,2021-12-11,2021-12-11,Delivered,64,66,0
1852,2858,3488,2021-05-16,2021-05-21,2021-05-21,Delivered,116,488,0
1584,2333,3037,2021-06-08,2021-06-15,2021-06-15,Delivered,86,62,0
1799,2952,3365,2021-01-09,2021-01-14,2021-01-14,Delivered,11,328,0
1229,2174,3148,2021-05-29,2021-06-05,2021-06-04,Delivered,385,52,-1
1062,2751,3139,2021-06-25,2021-06-30,2021-06-30,Delivered,245,254,0
1271,2624,3438,2021-06-27,2021-07-01,2021-07-01,Canceled,4,273,0
1080,2045,3113,2021-04-22,2021-04-27,2021-04-25,Canceled,490,387,-2
1911,2728,3184,2021-11-08,2021-11-12,2021-11-12,Canceled,426,306,0
1515,2951,3231,2021-12-16,2021-12-23,2021-12-23,Delivered,467,95,0
1844,2289,3237,2021-02-03,2021-02-07,2021-02-06,Canceled,389,312,-1
1712,2939,3181,2021-08-02,2021-08-08,2021-08-08,Delivered,426,484,0
1474,2388,3124,2021-09-17,2021-09-21,2021-09-21,Delivered,23,462,0
1185,2137,3467,2021-07-07,2021-07-12,2021-07-11,Delivered,290,451,-1
1600,2094,3083,2021-09-12,2021-09-16,2021-09-16,Canceled,360,173,0
1049,2360,3309,2021-07-06,2021-07-13,2021-07-11,Canceled,169,237,-2
1086,2137,3328,2021-06-02,2021-06-06,2021-06-05,Delivered,178,431,-1
1769,2187,3047,2021-07-05,2021-07-09,2021-07-08,Delivered,43,109,-1
1487,2201,3190,2021-11-08,2021-11-12,2021-11-11,Delivered,112,166,-1
1949,2519,3052,2021-07-08,2021-07-14,2021-07-13,Delivered,151,347,-1
1672,2912,3366,2021-11-02,2021-11-08,2021-11-06,Canceled,179,98,-2
1032,2407,3102,2021-01-25,2021-01-31,2021-01-30,Delivered,344,466,-1
1029,2655,3334,2021-04-11,2021-04-16,2021-04-16,Delivered,415,479,0
1712,2626,3492,2021-05-30,2021-06-06,2021-06-04,Delivered,255,224,-2
1110,2857,3295,2021-05-06,2021-05-12,2021-05-12,Canceled,28,92,0
1499,2821,3407,2021-04-30,2021-05-04,2021-05-02,Delivered,138,266,-2
1737,2500,3074,2021-11-18,2021-11-23,2021-11-23,Canceled,428,393,0
1507,2672,3033,2021-02-15,2021-02-19,2021-02-19,Delivered,273,381,0
1449,2485,3246,2021-11-24,2021-12-01,2021-11-30,Canceled,452,299,-1
1051,2786,3323,2021-11-17,2021-11-24,2021-11-26,Delayed,101,14,2
1022,2308,3297,2021-03-31,2021-04-05,2021-04-03,Canceled,147,26,-2
1187,2475,3093,2021-05-10,2021-05-14,2021-05-13,Canceled,226,58,-1
1253,2216,3358,2021-04-29,2021-05-06,2021-05-06,Delivered,331,183,0
1633,2200,3180,2021-03-20,2021-03-25,2021-03-24,Delivered,280,378,-1
1112,2222,3384,2021-12-06,2021-12-13,2021-12-12,Canceled,149,112,-1
1109,2325,3128,2021-10-26,2021-10-30,2021-10-30,Delivered,102,66,0
1107,2116,3458,2021-10-21,2021-10-28,2021-10-27,Delivered,60,87,-1
1564,2118,3155,2021-07-02,2021-07-06,2021-07-06,Canceled,184,389,0
1431,2666,3202,2021-02-26,2021-03-03,2021-03-02,Delivered,149,234,-1
1834,2615,3220,2021-05-16,2021-05-20,2021-05-20,Delivered,449,219,0
1947,2967,3015,2021-01-02,2021-01-08,2021-01-08,Delivered,433,366,0
1683,2474,3436,2021-07-07,2021-07-12,2021-07-12,Delivered,191,97,0
1095,2966,3458,2021-02-14,2021-02-21,2021-02-21,Delivered,123,55,0
1597,2715,3101,2021-02-26,2021-03-04,2021-03-04,Delivered,405,41,0
1044,2901,3426,2021-01-02,2021-01-07,2021-01-07,Delivered,493,430,0
1069,2826,3241,2021-10-19,2021-10-24,2021-10-24,Canceled,211,211,0
1669,2809,3177,2021-06-22,2021-06-26,2021-06-24,Delivered,18,27,-2
1724,2059,3123,2021-12-11,2021-12-15,2021-12-13,Delivered,237,223,-2
1619,2050,3075,2021-05-03,2021-05-09,2021-05-08,Delivered,183,140,-1
1354,2031,3155,2021-01-28,2021-02-02,2021-02-02,Delivered,195,382,0
1068,2735,3349,2021-03-13,2021-03-18,2021-03-18,Delivered,274,54,0
1101,2565,3113,2021-12-11,2021-12-16,2021-12-15,Delivered,436,261,-1
1349,2195,3414,2021-10-31,2021-11-06,2021-11-06,Delivered,154,152,0
1845,2809,3123,2021-02-04,2021-02-11,2021-02-09,Delivered,292,84,-2
1160,2650,3246,2021-11-04,2021-11-08,2021-11-08,Canceled,330,319,0
1526,2912,3473,2021-01-04,2021-01-09,2021-01-07,Delivered,73,153,-2
1146,2058,3055,2021-05-30,2021-06-04,2021-06-04,Delivered,252,395,0
1486,2809,3080,2021-12-26,2021-12-31,2021-12-31,Delivered,402,56,0
1471,2166,3218,2021-05-21,2021-05-27,2021-05-27,Delivered,132,221,0
1811,2715,3337,2021-02-01,2021-02-07,2021-02-07,Delivered,31,142,0
1914,2767,3481,2021-09-21,2021-09-27,2021-09-27,Delivered,54,233,0
1526,2123,3295,2021-07-07,2021-07-12,2021-07-11,Delivered,410,385,-1
1191,2065,3432,2021-07-06,2021-07-11,2021-07-11,Delivered,85,459,0
1875,2539,3312,2021-04-09,2021-04-15,2021-04-14,Delivered,381,42,-1
1642,2977,3239,2021-10-24,2021-10-29,2021-10-29,Canceled,434,427,0
1663,2181,3489,2021-01-18,2021-01-24,2021-01-23,Delivered,456,436,-1
1184,2819,3096,2021-10-31,2021-11-07,2021-11-06,Delivered,403,49,-1
1432,2245,3176,2021-03-17,2021-03-21,2021-03-20,Delivered,67,127,-1
1495,2559,3494,2021-05-03,2021-05-09,2021-05-09,Delivered,62,179,0
1628,2181,3136,2021-04-28,2021-05-05,2021-05-06,Delayed,346,421,1
1474,2224,3027,2021-10-18,2021-10-22,2021-10-22,Delivered,133,48,0
1835,2725,3014,2021-01-08,2021-01-12,2021-01-10,Delivered,237,126,-2
1357,2279,3024,2021-02-23,2021-02-27,2021-02-27,Delivered,412,231,0
1712,2974,3025,2021-10-26,2021-10-31,2021-10-29,Delivered,75,81,-2
1207,2783,3404,2021-01-22,2021-01-26,2021-01-26,Delivered,308,385,0
1713,2510,3230,2021-01-08,2021-01-12,2021-01-10,Delivered,451,175,-2
1806,2794,3497,2021-02-23,2021-02-28,2021-02-26,Canceled,85,397,-2
1955,2359,3089,2021-02-11,2021-02-18,2021-02-17,Delivered,390,223,-1
1712,2484,3397,2021-01-22,2021-01-26,2021-01-26,Canceled,93,147,0
1335,2354,3360,2021-03-14,2021-03-18,2021-03-16,Canceled,160,439,-2
1675,2980,3169,2021-08-24,2021-08-29,2021-08-29,Canceled,139,305,0
1628,2722,3274,2021-06-19,2021-06-25,2021-06-25,Canceled,162,313,0
1438,2228,3032,2021-02-14,2021-02-19,2021-02-18,Canceled,197,465,-1
1474,2914,3223,2021-10-15,2021-10-22,2021-10-21,Canceled,253,265,-1
1273,2250,3244,2021-11-05,2021-11-11,2021-11-09,Delivered,93,303,-2
1738,2451,3171,2021-03-24,2021-03-29,2021-03-29,Canceled,28,115,0
1744,2429,3444,2021-04-20,2021-04-25,2021-04-25,Delivered,249,0,0
1913,2365,3066,2021-03-19,2021-03-26,2021-03-26,Canceled,102,232,0
1185,2115,3121,2021-06-06,2021-06-13,2021-06-13,Delivered,400,274,0
1022,2683,3363,2021-01-22,2021-01-27,2021-01-27,Delivered,17,182,0
1455,2314,3012,2021-12-13,2021-12-20,2021-12-20,Delivered,237,427,0
1869,2337,3479,2021-08-12,2021-08-18,2021-08-17,Delivered,493,339,-1
1529,2493,3291,2021-08-08,2021-08-15,2021-08-14,Delivered,215,336,-1
1760,2876,3462,2021-02-14,2021-02-21,2021-02-21,Canceled,211,466,0
1789,2975,3122,2021-03-07,2021-03-12,2021-03-11,Canceled,334,484,-1
1146,2452,3394,2021-05-27,2021-06-01,2021-06-01,Delivered,339,303,0
1262,2615,3457,2021-02-10,2021-02-17,2021-02-17,Delivered,477,429,0
1253,2040,3487,2021-02-08,2021-02-14,2021-02-14,Delivered,449,160,0
1414,2686,3339,2021-01-21,2021-01-27,2021-01-25,Delivered,258,77,-2
1910,2293,3347,2021-09-04,2021-09-09,2021-09-08,Delivered,262,456,-1
1253,2513,3164,2021-05-13,2021-05-20,2021-05-19,Delivered,91,112,-1
1987,2867,3496,2021-09-12,2021-09-18,2021-09-17,Delivered,286,351,-1
1842,2428,3488,2021-02-16,2021-02-23,2021-02-21,Delivered,277,158,-2
1611,2299,3488,2021-12-30,2022-01-03,2022-01-03,Canceled,70,324,0
1304,2511,3210,2021-08-23,2021-08-29,2021-08-29,Canceled,97,299,0
1469,2884,3258,2021-01-12,2021-01-18,2021-01-17,Delivered,217,150,-1
1107,2553,3388,2021-10-26,2021-10-30,2021-10-30,Delivered,496,249,0
1438,2495,3450,2021-02-22,2021-02-27,2021-02-26,Delivered,215,52,-1
1689,2310,3422,2021-01-20,2021-01-25,2021-01-25,Delivered,490,189,0
1864,2297,3259,2021-10-17,2021-10-21,2021-10-21,Delivered,445,354,0
1625,2303,3493,2021-09-10,2021-09-15,2021-09-14,Delivered,294,161,-1
1377,2604,3031,2021-01-25,2021-01-29,2021-01-28,Delivered,434,409,-1
1558,2605,3200,2021-04-20,2021-04-25,2021-04-25,Delivered,321,430,0
1674,2238,3245,2021-01-06,2021-01-10,2021-01-10,Delivered,57,255,0
1854,2209,3237,2021-06-01,2021-06-08,2021-06-07,Delivered,345,494,-1
1810,2630,3452,2021-10-28,2021-11-01,2021-10-30,Delivered,117,482,-2
1089,2774,3016,2021-09-22,2021-09-27,2021-09-25,Delivered,407,107,-2
1426,2226,3160,2021-08-20,2021-08-26,2021-08-26,Delivered,358,398,0
1400,2849,3444,2021-04-27,2021-05-02,2021-04-30,Canceled,377,62,-2
1570,2097,3457,2021-09-16,2021-09-22,2021-09-20,Canceled,62,354,-2
1165,2420,3004,2021-09-21,2021-09-26,2021-09-24,Canceled,457,402,-2
1051,2288,3243,2021-02-23,2021-03-02,2021-03-01,Delivered,342,83,-1
1312,2897,3449,2021-06-04,2021-06-10,2021-06-10,Delivered,258,38,0
1479,2886,3419,2021-05-14,2021-05-18,2021-05-17,Delivered,488,424,-1
1410,2202,3079,2021-03-31,2021-04-07,2021-04-07,Delivered,16,67,0
1562,2917,3107,2021-12-08,2021-12-12,2021-12-12,Canceled,355,247,0
1598,2502,3232,2021-09-10,2021-09-16,2021-09-16,Delivered,153,24,0
1752,2015,3115,2021-06-19,2021-06-24,2021-06-22,Delivered,1,381,-2
1220,2313,3080,2021-05-02,2021-05-07,2021-05-05,Delivered,5,119,-2
1066,2173,3119,2021-04-29,2021-05-03,2021-05-02,Canceled,65,351,-1
1588,2866,3173,2021-02-22,2021-02-27,2021-02-27,Delivered,168,356,0
1398,2482,3035,2021-06-28,2021-07-05,2021-07-04,Delivered,83,464,-1
1100,2582,3262,2021-07-10,2021-07-15,2021-07-15,Delivered,260,331,0
1290,2362,3434,2021-04-24,2021-04-28,2021-04-27,Canceled,39,286,-1
1874,2795,3078,2021-07-05,2021-07-09,2021-07-09,Delivered,1,32,0
1020,2930,3473,2021-12-10,2021-12-14,2021-12-14,Delivered,482,354,0
1402,2791,3465,2021-10-29,2021-11-03,2021-11-01,Delivered,197,296,-2
1736,2303,3082,2021-11-22,2021-11-26,2021-11-26,Delivered,15,21,0
1540,2308,3111,2021-02-22,2021-02-28,2021-02-26,Delivered,121,319,-2
1203,2073,3093,2021-12-28,2022-01-04,2022-01-04,Delivered,387,216,0
1415,2394,3343,2021-06-15,2021-06-21,2021-06-20,Delivered,244,236,-1
1419,2279,3378,2021-08-12,2021-08-19,2021-08-17,Delivered,33,441,-2
1590,2285,3494,2021-04-02,2021-04-08,2021-04-07,Canceled,115,131,-1
1252,2768,3405,2021-08-03,2021-08-09,2021-08-07,Delivered,458,456,-2
1500,2832,3358,2021-07-15,2021-07-20,2021-07-18,Delivered,175,249,-2
1223,2852,3231,2021-08-29,2021-09-04,2021-09-04,Delivered,429,249,0
1128,2916,3068,2021-11-08,2021-11-13,2021-11-11,Delivered,445,452,-2
1408,2740,3291,2021-12-13,2021-12-17,2021-12-15,Delivered,73,149,-2
1498,2908,3482,2021-02-15,2021-02-20,2021-02-20,Delivered,137,278,0
1407,2918,3349,2021-07-03,2021-07-07,2021-07-07,Delivered,91,331,0
1856,2244,3226,2021-04-10,2021-04-14,2021-04-14,Delivered,278,497,0
1292,2761,3338,2021-02-19,2021-02-23,2021-02-23,Delivered,405,371,0
1004,2554,3411,2021-05-10,2021-05-15,2021-05-14,Delivered,30,105,-1
1886,2077,3441,2021-02-17,2021-02-22,2021-02-22,Delivered,73,270,0
1969,2496,3258,2021-03-28,2021-04-02,2021-04-02,Delivered,422,33,0
1221,2429,3060,2021-12-13,2021-12-20,2021-12-20,Delivered,212,134,0
1639,2081,3235,2021-03-01,2021-03-07,2021-03-05,Canceled,216,407,-2
1087,2551,3154,2021-03-03,2021-03-09,2021-03-09,Delivered,47,306,0
1695,2307,3269,2021-06-04,2021-06-09,2021-06-09,Canceled,151,424,0
1258,2763,3342,2021-05-10,2021-05-15,2021-05-13,Delivered,390,362,-2
1661,2454,3490,2021-03-13,2021-03-20,2021-03-19,Delivered,239,223,-1
1300,2413,3401,2021-07-21,2021-07-25,2021-07-23,Delivered,42,354,-2
1943,2755,3288,2021-02-10,2021-02-16,2021-02-14,Delivered,133,202,-2
1677,2635,3114,2021-05-03,2021-05-09,2021-05-08,Canceled,437,288,-1
1277,2439,3460,2021-05-20,2021-05-26,2021-05-26,Delivered,330,295,0
1785,2405,3314,2021-03-11,2021-03-18,2021-03-17,Canceled,297,419,-1
1784,2628,3112,2021-12-13,2021-12-18,2021-12-16,Canceled,297,350,-2
1363,2819,3367,2021-07-27,2021-08-01,2021-07-31,Canceled,472,300,-1
1264,2219,3082,2021-07-25,2021-07-31,2021-07-31,Delivered,321,21,0
1751,2104,3410,2021-05-19,2021-05-25,2021-05-24,Delivered,426,284,-1
1681,2312,3083,2021-03-08,2021-03-14,2021-03-13,Delivered,12,116,-1
1912,2316,3187,2021-04-14,2021-04-19,2021-04-19,Canceled,422,287,0
1681,2883,3403,2021-07-21,2021-07-26,2021-07-24,Canceled,338,123,-2
1401,2332,3271,2021-08-10,2021-08-17,2021-08-17,Delivered,211,381,0
1286,2779,3086,2021-08-26,2021-09-02,2021-09-02,Canceled,325,146,0
1361,2587,3186,2021-04-01,2021-04-07,2021-04-05,Canceled,161,374,-2
1202,2862,3008,2021-01-04,2021-01-08,2021-01-08,Delivered,214,176,0
1632,2214,3337,2021-04-24,2021-04-29,2021-04-27,Delivered,225,109,-2
1593,2334,3157,2021-06-19,2021-06-25,2021-06-24,Delivered,310,266,-1
1114,2466,3307,2021-01-15,2021-01-19,2021-01-18,Canceled,349,268,-1
1669,2457,3208,2021-01-28,2021-02-02,2021-01-31,Delivered,341,394,-2
1265,2287,3484,2021-09-25,2021-09-29,2021-09-29,Delivered,11,47,0
1149,2721,3309,2021-11-01,2021-11-07,2021-11-06,Canceled,309,342,-1
1383,2246,3006,2021-11-07,2021-11-12,2021-11-12,Delivered,268,277,0
1534,2167,3462,2021-01-12,2021-01-18,2021-01-17,Delivered,391,358,-1
1944,2953,3089,2021-04-26,2021-05-01,2021-04-30,Canceled,133,162,-1
1633,2428,3142,2021-11-20,2021-11-24,2021-11-23,Delivered,33,225,-1
1821,2712,3034,2021-03-21,2021-03-26,2021-03-24,Delivered,232,294,-2
1884,2596,3280,2021-10-19,2021-10-26,2021-10-26,Canceled,215,259,0
1538,2050,3288,2021-03-13,2021-03-19,2021-03-19,Delivered,159,8,0
1737,2401,3390,2021-02-11,2021-02-16,2021-02-16,Delivered,352,270,0
1945,2586,3330,2021-12-23,2021-12-29,2021-12-29,Delivered,86,173,0
1508,2731,3383,2021-10-23,2021-10-30,2021-10-30,Delivered,452,219,0
1958,2150,3155,2021-03-26,2021-03-30,2021-03-29,Delivered,382,100,-1
1884,2594,3327,2021-12-22,2021-12-28,2021-12-28,Delivered,382,307,0
1157,2729,3397,2021-02-18,2021-02-23,2021-02-25,Delayed,428,66,2
1308,2339,3166,2021-03-01,2021-03-07,2021-03-05,Delivered,258,100,-2
1010,2128,3433,2021-12-18,2021-12-22,2021-12-21,Delivered,192,114,-1
1433,2955,3208,2021-03-22,2021-03-29,2021-03-29,Delivered,175,356,0
1157,2700,3232,2021-06-03,2021-06-07,2021-06-06,Delivered,234,52,-1
1810,2971,3263,2021-12-01,2021-12-06,2021-12-05,Delivered,380,215,-1
1941,2479,3318,2021-03-09,2021-03-16,2021-03-15,Delivered,131,12,-1
1959,2636,3433,2021-08-22,2021-08-28,2021-08-28,Delivered,124,78,0
1089,2518,3155,2021-09-22,2021-09-27,2021-09-27,Delivered,259,351,0
1048,2324,3489,2021-04-28,2021-05-05,2021-05-05,Delivered,381,82,0
1381,2567,3459,2021-06-22,2021-06-26,2021-06-26,Delivered,90,489,0
1253,2061,3427,2021-12-05,2021-12-09,2021-12-07,Canceled,378,4,-2
1255,2783,3001,2021-01-08,2021-01-12,2021-01-12,Delivered,92,394,0
1007,2257,3296,2021-12-08,2021-12-15,2021-12-15,Delivered,108,293,0
1171,2977,3152,2021-12-08,2021-12-14,2021-12-14,Delivered,183,264,0
1351,2712,3242,2021-03-01,2021-03-05,2021-03-03,Delivered,240,59,-2
1514,2737,3089,2021-10-12,2021-10-18,2021-10-18,Delivered,163,320,0
1433,2527,3387,2021-10-26,2021-11-01,2021-11-01,Delivered,351,414,0
1328,2180,3208,2021-06-19,2021-06-23,2021-06-23,Delivered,219,79,0
1627,2039,3377,2021-09-01,2021-09-07,2021-09-07,Delivered,467,68,0
1613,2761,3083,2021-06-21,2021-06-27,2021-06-27,Delivered,393,242,0
1825,2665,3066,2021-06-14,2021-06-21,2021-06-20,Delivered,118,79,-1
1619,2314,3122,2021-10-05,2021-10-10,2021-10-09,Delivered,359,205,-1
1076,2554,3207,2021-10-07,2021-10-13,2021-10-13,Canceled,71,195,0
1659,2224,3441,2021-01-29,2021-02-03,2021-02-04,Delayed,497,96,1
1002,2465,3145,2021-03-10,2021-03-17,2021-03-17,Delivered,324,246,0
1804,2801,3410,2021-11-12,2021-11-19,2021-11-18,Canceled,151,277,-1
1492,2950,3089,2021-08-30,2021-09-03,2021-09-02,Delivered,362,348,-1
1339,2240,3244,2021-08-16,2021-08-20,2021-08-19,Delivered,84,140,-1
1423,2881,3055,2021-04-03,2021-04-10,2021-04-08,Delivered,323,157,-2
1897,2160,3258,2021-08-23,2021-08-30,2021-08-29,Delivered,500,282,-1
1650,2550,3301,2021-06-01,2021-06-08,2021-06-07,Canceled,366,326,-1
1591,2949,3253,2021-06-27,2021-07-02,2021-07-01,Delivered,139,492,-1
1705,2787,3397,2021-12-15,2021-12-21,2021-12-21,Delivered,259,197,0
1754,2669,3418,2021-02-23,2021-03-02,2021-03-02,Canceled,380,178,0
1537,2512,3455,2021-09-16,2021-09-23,2021-09-23,Delivered,190,58,0
1621,2113,3275,2021-04-10,2021-04-16,2021-04-14,Delivered,243,40,-2
1482,2004,3435,2021-04-27,2021-05-03,2021-05-03,Delivered,76,66,0
1109,2925,3260,2021-01-21,2021-01-25,2021-01-24,Delivered,33,193,-1
1246,2437,3065,2021-01-20,2021-01-25,2021-01-25,Canceled,459,159,0
1597,2695,3408,2021-04-24,2021-04-28,2021-04-28,Delivered,467,182,0
1380,2317,3172,2021-11-22,2021-11-27,2021-11-26,Delivered,245,269,-1
1115,2568,3055,2021-04-13,2021-04-18,2021-04-16,Delivered,353,183,-2
1157,2421,3129,2021-02-15,2021-02-22,2021-02-20,Delivered,289,189,-2
1021,2294,3262,2021-02-22,2021-03-01,2021-02-28,Canceled,69,160,-1
1269,2780,3349,2021-11-11,2021-11-15,2021-11-13,Delivered,208,414,-2
1936,2827,3065,2021-02-08,2021-02-15,2021-02-13,Delivered,379,282,-2
1023,2555,3227,2021-02-18,2021-02-24,2021-02-23,Delivered,287,283,-1
1776,2205,3170,2021-06-04,2021-06-09,2021-06-09,Delivered,94,348,0
1949,2808,3040,2021-08-06,2021-08-11,2021-08-09,Delivered,270,151,-2
1996,2629,3475,2021-11-30,2021-12-04,2021-12-04,Delivered,401,183,0
1645,2361,3242,2021-11-24,2021-12-01,2021-11-29,Delivered,64,53,-2
1583,2400,3291,2021-07-06,2021-07-10,2021-07-08,Delivered,94,153,-2
1727,2288,3485,2021-08-16,2021-08-23,2021-08-23,Delivered,240,438,0
1049,2522,3199,2021-01-12,2021-01-18,2021-01-17,Delivered,319,263,-1
1180,2170,3090,2021-09-05,2021-09-12,2021-09-10,Canceled,345,31,-2
1095,2846,3136,2021-04-30,2021-05-05,2021-05-03,Delivered,8,134,-2
1182,2995,3391,2021-03-26,2021-04-01,2021-03-31,Delivered,389,307,-1
1743,2112,3077,2021-02-05,2021-02-11,2021-02-11,Canceled,71,215,0
1347,2040,3352,2021-09-19,2021-09-26,2021-09-25,Delivered,405,270,-1
1338,2108,3130,2021-11-26,2021-12-02,2021-12-01,Delivered,105,391,-1
1368,2722,3428,2021-10-17,2021-10-24,2021-10-24,Canceled,337,117,0
1027,2086,3485,2021-12-24,2021-12-30,2021-12-29,Delivered,420,15,-1
1081,2832,3106,2021-02-13,2021-02-19,2021-02-19,Delivered,43,103,0
1781,2187,3007,2021-07-13,2021-07-18,2021-07-17,Delivered,386,449,-1
1248,2411,3188,2021-03-22,2021-03-27,2021-03-25,Delivered,254,205,-2
1117,2149,3053,2021-02-12,2021-02-18,2021-02-18,Delivered,236,257,0
1133,2221,3436,2021-03-10,2021-03-16,2021-03-14,Delivered,463,116,-2
1399,2413,3361,2021-09-25,2021-10-01,2021-09-29,Delivered,172,280,-2
1837,2062,3346,2021-02-17,2021-02-23,2021-02-23,Delivered,491,392,0
1300,2406,3344,2021-05-31,2021-06-04,2021-06-03,Delivered,245,64,-1
1241,2162,3449,2021-03-28,2021-04-01,2021-04-01,Delivered,20,61,0
1598,2719,3447,2021-05-15,2021-05-21,2021-05-21,Delivered,455,482,0
1665,2206,3491,2021-11-27,2021-12-01,2021-12-03,Delayed,421,37,2
1397,2456,3139,2021-11-18,2021-11-22,2021-11-21,Delivered,250,145,-1
1693,2927,3300,2021-02-21,2021-02-26,2021-02-26,Canceled,193,232,0
1765,2371,3447,2021-10-27,2021-11-01,2021-11-01,Delivered,446,368,0
1495,2769,3388,2021-05-01,2021-05-08,2021-05-06,Delivered,151,21,-2
1156,2549,3344,2021-09-12,2021-09-18,2021-09-18,Delivered,464,375,0
1394,2549,3456,2021-10-29,2021-11-05,2021-11-05,Delivered,379,312,0
1074,2324,3257,2021-12-30,2022-01-06,2022-01-06,Canceled,318,277,0
1559,2303,3235,2021-03-28,2021-04-03,2021-04-05,Delayed,200,95,2
1571,2488,3018,2021-11-29,2021-12-03,2021-12-01,Delivered,331,457,-2
1233,2956,3339,2021-11-25,2021-11-30,2021-11-28,Delivered,314,477,-2
1301,2635,3219,2021-11-06,2021-11-12,2021-11-12,Delivered,411,436,0
1349,2305,3397,2021-08-21,2021-08-28,2021-08-27,Canceled,472,5,-1
1287,2357,3052,2021-02-22,2021-02-27,2021-02-27,Canceled,40,280,0
1279,2134,3179,2021-09-03,2021-09-10,2021-09-08,Canceled,342,401,-2
1262,2345,3479,2021-11-18,2021-11-23,2021-11-25,Delayed,314,459,2
1558,2026,3210,2021-03-09,2021-03-13,2021-03-11,Delivered,236,10,-2
1115,2024,3251,2021-08-25,2021-08-29,2021-08-28,Delivered,171,254,-1
1728,2342,3358,2021-01-08,2021-01-12,2021-01-12,Delivered,265,99,0
1558,2321,3226,2021-02-20,2021-02-27,2021-02-27,Delivered,385,86,0
1682,2862,3327,2021-12-23,2021-12-27,2021-12-27,Delivered,328,85,0
1308,2211,3220,2021-05-08,2021-05-13,2021-05-13,Canceled,30,412,0
1814,2934,3163,2021-07-15,2021-07-21,2021-07-20,Delivered,312,100,-1
1187,2824,3004,2021-04-13,2021-04-18,2021-04-18,Delivered,273,309,0
1060,2136,3361,2021-05-11,2021-05-18,2021-05-18,Delivered,381,310,0
1396,2926,3347,2021-03-02,2021-03-06,2021-03-06,Delivered,346,137,0
1384,2976,3109,2021-10-15,2021-10-22,2021-10-22,Delivered,29,8,0
1755,2347,3297,2021-07-26,2021-08-01,2021-07-30,Delivered,341,358,-2
1440,2150,3276,2021-01-17,2021-01-24,2021-01-23,Delivered,297,127,-1
1618,2074,3472,2021-09-27,2021-10-04,2021-10-03,Delivered,268,417,-1
1884,2495,3117,2021-08-21,2021-08-26,2021-08-25,Delivered,43,393,-1
1276,2806,3228,2021-12-14,2021-12-20,2021-12-20,Delivered,436,340,0
1544,2945,3449,2021-03-23,2021-03-30,2021-03-28,Delivered,28,405,-2
1373,2466,3360,2021-02-02,2021-02-07,2021-02-07,Delivered,337,104,0
1863,2967,3028,2021-09-14,2021-09-19,2021-09-19,Canceled,135,327,0
1646,2166,3209,2021-06-22,2021-06-28,2021-06-28,Canceled,94,416,0
1378,2043,3050,2021-10-23,2021-10-28,2021-10-28,Delivered,413,9,0
1367,2408,3328,2021-04-22,2021-04-28,2021-04-28,Delivered,32,47,0
1229,2336,3036,2021-04-07,2021-04-11,2021-04-11,Delivered,30,257,0
1981,2539,3090,2021-06-09,2021-06-15,2021-06-14,Delivered,357,286,-1
1246,2470,3476,2021-10-24,2021-10-31,2021-10-29,Delivered,231,165,-2
1046,2846,3296,2021-08-25,2021-09-01,2021-08-30,Canceled,277,252,-2
1733,2353,3065,2021-09-26,2021-09-30,2021-09-29,Canceled,343,231,-1
1849,2057,3266,2021-12-13,2021-12-18,2021-12-18,Delivered,151,99,0
1564,2353,3082,2021-11-30,2021-12-04,2021-12-04,Delivered,204,358,0
1809,2075,3309,2021-08-19,2021-08-23,2021-08-21,Delivered,423,433,-2
1869,2682,3448,2021-02-15,2021-02-21,2021-02-19,Delivered,413,39,-2
1908,2745,3351,2021-09-02,2021-09-06,2021-09-06,Delivered,359,327,0
1512,2496,3372,2021-09-18,2021-09-25,2021-09-25,Canceled,309,399,0
1787,2376,3499,2021-09-25,2021-10-01,2021-10-01,Delivered,395,284,0
1913,2804,3436,2021-05-09,2021-05-16,2021-05-15,Delivered,475,61,-1
1678,2704,3007,2021-08-11,2021-08-17,2021-08-17,Canceled,154,345,0
1859,2296,3099,2021-06-18,2021-06-24,2021-06-24,Canceled,373,165,0
1810,2978,3142,2021-05-18,2021-05-22,2021-05-20,Delivered,375,400,-2
1195,2092,3244,2021-08-06,2021-08-10,2021-08-09,Canceled,397,46,-1
1384,2657,3160,2021-11-15,2021-11-19,2021-11-19,Canceled,215,23,0
1554,2462,3454,2021-02-23,2021-03-01,2021-03-01,Delivered,474,440,0
1105,2428,3357,2021-11-15,2021-11-21,2021-11-19,Delivered,343,347,-2
1433,2349,3296,2021-09-17,2021-09-23,2021-09-23,Delivered,384,149,0
1776,2191,3167,2021-06-06,2021-06-11,2021-06-11,Delivered,171,492,0
1084,2730,3421,2021-04-26,2021-04-30,2021-04-30,Delivered,348,444,0
1364,2830,3146,2021-03-15,2021-03-20,2021-03-18,Delivered,314,173,-2
1726,2540,3119,2021-09-23,2021-09-27,2021-09-27,Delivered,458,443,0
1309,2952,3406,2021-04-06,2021-04-10,2021-04-10,Canceled,291,413,0
1171,2741,3110,2021-03-16,2021-03-22,2021-03-22,Delivered,154,234,0
1801,2873,3381,2021-02-22,2021-02-27,2021-02-27,Delivered,317,220,0
1870,2091,3489,2021-08-02,2021-08-08,2021-08-07,Delivered,108,33,-1
1086,2441,3053,2021-12-17,2021-12-23,2021-12-23,Delivered,273,103,0
1536,2828,3183,2021-07-13,2021-07-20,2021-07-20,Canceled,128,325,0
1828,2412,3491,2021-03-13,2021-03-18,2021-03-16,Delivered,419,42,-2
1909,2946,3361,2021-10-06,2021-10-12,2021-10-12,Delivered,228,391,0
1758,2127,3488,2021-06-02,2021-06-06,2021-06-05,Canceled,277,145,-1
1757,2327,3011,2021-01-20,2021-01-25,2021-01-24,Delivered,451,47,-1
1694,2224,3373,2021-10-23,2021-10-29,2021-10-29,Delivered,38,226,0
1859,2537,3013,2021-12-02,2021-12-09,2021-12-07,Canceled,489,469,-2
1523,2057,3043,2021-06-10,2021-06-15,2021-06-15,Canceled,364,111,0
1427,2125,3060,2021-04-29,2021-05-04,2021-05-02,Delivered,497,237,-2
1543,2662,3083,2021-09-17,2021-09-23,2021-09-21,Delivered,21,297,-2
1122,2944,3081,2021-10-19,2021-10-24,2021-10-25,Delayed,371,262,1
1548,2944,3490,2021-08-12,2021-08-19,2021-08-18,Canceled,450,404,-1
1162,2749,3231,2021-07-28,2021-08-02,2021-07-31,Delivered,490,424,-2
1181,2154,3320,2021-07-01,2021-07-05,2021-07-05,Delivered,171,252,0
1050,2153,3384,2021-04-18,2021-04-23,2021-04-23,Canceled,115,326,0
1886,2434,3268,2021-07-24,2021-07-28,2021-07-28,Delivered,477,45,0
1280,2642,3433,2021-01-31,2021-02-06,2021-02-04,Delivered,68,43,-2
1246,2836,3048,2021-10-12,2021-10-19,2021-10-18,Delivered,137,327,-1
1159,2407,3186,2021-05-01,2021-05-06,2021-05-06,Canceled,170,379,0
1005,2617,3267,2021-11-01,2021-11-07,2021-11-06,Canceled,340,58,-1
1514,2404,3133,2021-04-12,2021-04-16,2021-04-16,Delivered,81,463,0
1778,2119,3428,2021-02-04,2021-02-10,2021-02-10,Canceled,170,278,0
1550,2624,3074,2021-10-17,2021-10-21,2021-10-21,Canceled,362,387,0
1150,2182,3085,2021-08-20,2021-08-25,2021-08-23,Delivered,54,431,-2
1706,2734,3342,2021-01-02,2021-01-07,2021-01-07,Delivered,291,422,0
1342,2016,3255,2021-11-16,2021-11-23,2021-11-23,Delivered,373,443,0
1984,2545,3090,2021-06-22,2021-06-28,2021-06-26,Canceled,114,298,-2
1535,2602,3258,2021-05-14,2021-05-21,2021-05-20,Delivered,490,353,-1
1581,2904,3083,2021-11-19,2021-11-26,2021-11-26,Canceled,10,417,0
1222,2386,3488,2021-02-02,2021-02-07,2021-02-05,Canceled,397,346,-2
1736,2390,3317,2021-05-19,2021-05-25,2021-05-23,Canceled,18,355,-2
1522,2944,3077,2021-10-07,2021-10-14,2021-10-14,Delivered,312,444,0
1223,2577,3259,2021-09-15,2021-09-19,2021-09-17,Canceled,315,431,-2
1093,2641,3128,2021-08-07,2021-08-13,2021-08-13,Canceled,178,48,0
1177,2757,3421,2021-07-19,2021-07-23,2021-07-23,Delivered,220,104,0
1797,2530,3019,2021-03-19,2021-03-24,2021-03-22,Delivered,47,316,-2
1038,2436,3412,2021-11-05,2021-11-09,2021-11-09,Delivered,354,499,0
1099,2515,3489,2021-11-21,2021-11-25,2021-11-24,Delivered,192,478,-1
1440,2048,3435,2021-08-12,2021-08-17,2021-08-17,Delivered,224,45,0
1272,2476,3410,2021-06-01,2021-06-06,2021-06-06,Delivered,106,125,0
1070,2564,3119,2021-06-01,2021-06-05,2021-06-05,Delivered,286,444,0
1964,2712,3293,2021-11-08,2021-11-15,2021-11-15,Delivered,284,202,0
1939,2338,3304,2021-07-12,2021-07-16,2021-07-14,Delivered,243,465,-2
1134,2156,3380,2021-07-07,2021-07-12,2021-07-12,Delivered,414,484,0
1290,2424,3440,2021-11-01,2021-11-06,2021-11-06,Delivered,415,120,0
1580,2740,3113,2021-05-18,2021-05-22,2021-05-21,Delivered,133,415,-1
1024,2431,3390,2021-02-22,2021-03-01,2021-03-01,Delivered,439,406,0
1901,2496,3346,2021-10-13,2021-10-19,2021-10-19,Delivered,414,306,0
1286,2817,3408,2021-01-16,2021-01-21,2021-01-19,Delivered,390,416,-2
1148,2782,3179,2021-09-27,2021-10-02,2021-10-01,Delivered,388,170,-1
1008,2777,3248,2021-01-11,2021-01-16,2021-01-15,Canceled,113,125,-1
1976,2379,3406,2021-05-12,2021-05-17,2021-05-17,Canceled,331,417,0
1582,2397,3081,2021-05-24,2021-05-31,2021-05-29,Canceled,12,245,-2
1374,2993,3306,2021-12-30,2022-01-05,2022-01-04,Delivered,427,283,-1
1505,2361,3443,2021-12-17,2021-12-23,2021-12-23,Delivered,396,118,0
1421,2345,3490,2021-08-17,2021-08-23,2021-08-21,Delivered,228,101,-2
1269,2996,3296,2021-03-08,2021-03-13,2021-03-13,Delivered,159,177,0
1412,2293,3458,2021-02-18,2021-02-22,2021-02-20,Delivered,198,258,-2
1772,2664,3197,2021-10-28,2021-11-03,2021-11-03,Canceled,421,439,0
1412,2383,3355,2021-09-27,2021-10-04,2021-10-03,Delivered,63,354,-1
1645,2915,3125,2021-12-30,2022-01-05,2022-01-04,Canceled,231,71,-1
1394,2562,3084,2021-06-25,2021-06-30,2021-06-28,Delivered,239,263,-2
1449,2345,3396,2021-04-27,2021-05-03,2021-05-02,Canceled,11,199,-1
1109,2390,3019,2021-08-29,2021-09-03,2021-09-03,Canceled,272,399,0
1526,2053,3337,2021-03-15,2021-03-22,2021-03-22,Delivered,63,145,0
1316,2148,3321,2021-04-10,2021-04-16,2021-04-14,Delivered,232,234,-2
1623,2531,3341,2021-01-08,2021-01-13,2021-01-12,Delivered,141,57,-1
1291,2093,3235,2021-09-28,2021-10-02,2021-10-02,Delivered,496,67,0
1657,2939,3369,2021-08-17,2021-08-24,2021-08-23,Canceled,111,79,-1
1801,2449,3063,2021-11-27,2021-12-01,2021-11-30,Canceled,459,403,-1
1253,2968,3006,2021-09-03,2021-09-08,2021-09-07,Delivered,100,339,-1
1131,2952,3319,2021-01-05,2021-01-10,2021-01-09,Delivered,32,120,-1
1316,2447,3004,2021-07-10,2021-07-14,2021-07-14,Delivered,98,476,0
1892,2666,3426,2021-07-28,2021-08-01,2021-07-30,Delivered,268,128,-2
1852,2847,3312,2021-10-19,2021-10-26,2021-10-25,Canceled,207,241,-1
1533,2726,3367,2021-03-01,2021-03-05,2021-03-04,Delivered,56,349,-1
1212,2691,3036,2021-06-25,2021-06-30,2021-06-29,Delivered,246,432,-1
1303,2896,3175,2021-08-18,2021-08-24,2021-08-24,Delivered,278,166,0
1232,2569,3363,2021-09-03,2021-09-09,2021-09-08,Delivered,419,61,-1
1528,2971,3173,2021-06-20,2021-06-26,2021-06-24,Delivered,324,307,-2
1808,2127,3097,2021-03-18,2021-03-24,2021-03-23,Canceled,425,344,-1
1703,2927,3171,2021-06-12,2021-06-18,2021-06-18,Delivered,120,328,0
1684,2856,3277,2021-07-07,2021-07-13,2021-07-13,Delivered,230,10,0
1533,2174,3005,2021-05-29,2021-06-03,2021-06-03,Delivered,123,469,0
1817,2559,3041,2021-10-30,2021-11-06,2021-11-06,Delivered,2,376,0
1476,2118,3168,2021-11-05,2021-11-10,2021-11-09,Delivered,57,420,-1
1754,2762,3185,2021-08-28,2021-09-04,2021-09-02,Delivered,244,172,-2
1390,2459,3138,2021-11-14,2021-11-18,2021-11-16,Delivered,159,44,-2
1828,2071,3273,2021-12-26,2022-01-01,2022-01-01,Delivered,173,117,0
1292,2313,3202,2021-01-31,2021-02-04,2021-02-02,Delivered,352,480,-2
1744,2185,3066,2021-12-30,2022-01-06,2022-01-05,Canceled,155,440,-1
1576,2701,3232,2021-06-27,2021-07-02,2021-06-30,Delivered,118,309,-2
1260,2309,3031,2021-10-23,2021-10-27,2021-10-27,Delivered,286,77,0
1229,2045,3078,2021-09-06,2021-09-12,2021-09-12,Delivered,115,75,0
1652,2055,3486,2021-11-04,2021-11-11,2021-11-10,Delivered,186,116,-1
1467,2869,3447,2021-09-20,2021-09-26,2021-09-25,Delivered,464,394,-1
1514,2170,3045,2021-11-25,2021-11-30,2021-11-28,Delivered,174,123,-2
1733,2335,3391,2021-11-11,2021-11-18,2021-11-18,Canceled,188,172,0
1504,2858,3247,2021-06-20,2021-06-27,2021-06-27,Delivered,125,323,0
1784,2412,3129,2021-05-17,2021-05-24,2021-05-22,Delivered,450,444,-2
1607,2194,3397,2021-08-25,2021-08-30,2021-08-29,Delivered,187,118,-1
1874,2863,3069,2021-10-11,2021-10-16,2021-10-16,Delivered,169,229,0
1799,2621,3190,2021-06-23,2021-06-29,2021-06-29,Delivered,485,16,0
1051,2807,3183,2021-11-12,2021-11-16,2021-11-16,Delivered,350,79,0
1515,2769,3353,2021-09-14,2021-09-19,2021-09-19,Canceled,9,355,0
1215,2641,3286,2021-12-30,2022-01-04,2022-01-04,Delivered,302,42,0
1273,2649,3397,2021-02-27,2021-03-04,2021-03-02,Canceled,389,451,-2
1072,2737,3258,2021-01-11,2021-01-16,2021-01-16,Delivered,263,282,0
1201,2420,3285,2021-08-20,2021-08-24,2021-08-24,Delivered,312,145,0
1255,2588,3186,2021-07-03,2021-07-08,2021-07-06,Canceled,137,5,-2
1044,2164,3411,2021-07-08,2021-07-14,2021-07-14,Delivered,401,206,0
1023,2866,3013,2021-09-13,2021-09-19,2021-09-19,Canceled,352,132,0
1450,2773,3368,2021-10-04,2021-10-08,2021-10-06,Delivered,111,290,-2
1219,2001,3344,2021-02-06,2021-02-10,2021-02-10,Delivered,225,424,0
1918,2935,3430,2021-09-11,2021-09-17,2021-09-16,Delivered,363,26,-1
1827,2973,3037,2021-12-17,2021-12-24,2021-12-23,Delivered,494,468,-1
1422,2724,3135,2021-05-22,2021-05-28,2021-05-27,Canceled,205,138,-1
1376,2862,3270,2021-02-14,2021-02-21,2021-02-21,Delivered,223,356,0
1545,2247,3470,2021-10-28,2021-11-04,2021-11-04,Delivered,72,246,0
1941,2014,3006,2021-06-20,2021-06-27,2021-06-27,Delivered,269,107,0
1742,2516,3399,2021-09-14,2021-09-21,2021-09-21,Delivered,339,67,0
1473,2449,3494,2021-12-17,2021-12-21,2021-12-21,Delivered,83,138,0
1898,2934,3229,2021-04-25,2021-04-29,2021-04-27,Canceled,217,128,-2
1949,2371,3473,2021-12-13,2021-12-17,2021-12-16,Delivered,377,179,-1
1544,2680,3249,2021-08-24,2021-08-30,2021-08-29,Canceled,484,279,-1
1553,2214,3357,2021-12-25,2021-12-30,2021-12-29,Delivered,196,262,-1
1569,2949,3457,2021-09-20,2021-09-26,2021-09-26,Delivered,184,488,0
1636,2750,3248,2021-10-10,2021-10-16,2021-10-16,Delivered,334,2,0
1265,2461,3304,2021-04-10,2021-04-17,2021-04-15,Delivered,110,360,-2
1531,2474,3410,2021-06-05,2021-06-09,2021-06-09,Canceled,48,430,0
1138,2178,3401,2021-07-13,2021-07-20,2021-07-20,Delivered,124,49,0
1579,2742,3212,2021-01-10,2021-01-16,2021-01-14,Canceled,383,385,-2
1421,2837,3099,2021-11-06,2021-11-13,2021-11-13,Delivered,374,149,0
1374,2021,3222,2021-05-16,2021-05-23,2021-05-23,Delivered,386,494,0
1987,2386,3212,2021-05-01,2021-05-06,2021-05-04,Delivered,469,481,-2
1419,2895,3410,2021-11-09,2021-11-14,2021-11-14,Canceled,457,355,0
1996,2769,3284,2021-11-29,2021-12-03,2021-12-02,Canceled,114,90,-1
1047,2894,3068,2021-12-20,2021-12-27,2021-12-28,Delayed,313,116,1
1465,2810,3351,2021-04-04,2021-04-08,2021-04-07,Delivered,59,268,-1
1587,2994,3382,2021-08-31,2021-09-05,2021-09-04,Delivered,71,120,-1
1486,2643,3311,2021-09-08,2021-09-14,2021-09-13,Delivered,412,454,-1
1556,2508,3241,2021-06-08,2021-06-12,2021-06-10,Delivered,211,228,-2
1198,2543,3297,2021-01-26,2021-02-01,2021-02-01,Delivered,60,492,0
1107,2163,3394,2021-10-21,2021-10-28,2021-10-30,Delayed,228,197,2
1327,2310,3015,2021-02-21,2021-02-26,2021-02-27,Delayed,164,399,1
1243,2401,3264,2021-12-25,2021-12-30,2021-12-30,Delivered,498,465,0
1641,2657,3075,2021-10-26,2021-11-01,2021-11-01,Delivered,233,144,0
1955,2420,3162,2021-03-28,2021-04-03,2021-04-03,Delivered,142,411,0
1048,2182,3246,2021-09-21,2021-09-28,2021-09-28,Canceled,179,90,0
1516,2171,3317,2021-09-21,2021-09-28,2021-09-26,Canceled,125,46,-2
1052,2647,3023,2021-06-02,2021-06-08,2021-06-06,Canceled,462,282,-2
1596,2447,3031,2021-04-06,2021-04-13,2021-04-11,Delivered,219,216,-2
1049,2726,3078,2021-08-22,2021-08-26,2021-08-24,Canceled,406,408,-2
1019,2333,3215,2021-09-03,2021-09-08,2021-09-07,Delivered,127,391,-1
1379,2025,3127,2021-07-12,2021-07-17,2021-07-17,Delivered,86,209,0
1110,2790,3404,2021-03-08,2021-03-14,2021-03-14,Delivered,150,146,0
1845,2558,3450,2021-07-13,2021-07-17,2021-07-17,Canceled,98,349,0
1178,2448,3262,2021-11-10,2021-11-16,2021-11-15,Canceled,464,356,-1
1582,2738,3276,2021-04-22,2021-04-29,2021-04-29,Delivered,199,405,0
1401,2345,3046,2021-06-30,2021-07-05,2021-07-05,Canceled,81,381,0
1162,2586,3060,2021-08-21,2021-08-25,2021-08-24,Canceled,201,195,-1
1757,2006,3118,2021-11-11,2021-11-16,2021-11-16,Canceled,138,17,0
1380,2651,3261,2021-03-29,2021-04-05,2021-04-04,Canceled,267,38,-1
1411,2465,3064,2021-02-01,2021-02-06,2021-02-06,Canceled,83,375,0
1930,2486,3001,2021-10-17,2021-10-21,2021-10-21,Delivered,383,352,0
1836,2979,3095,2021-03-27,2021-04-02,2021-04-04,Delayed,432,358,2
1936,2569,3303,2021-05-21,2021-05-26,2021-05-26,Canceled,113,3,0
1059,2260,3034,2021-02-18,2021-02-23,2021-02-22,Delivered,495,245,-1
1445,2233,3071,2021-08-12,2021-08-19,2021-08-19,Delivered,447,51,0
1111,2530,3020,2021-06-03,2021-06-10,2021-06-09,Delivered,282,389,-1
1651,2582,3458,2021-11-17,2021-11-23,2021-11-23,Canceled,23,436,0
1540,2432,3336,2021-09-17,2021-09-21,2021-09-21,Delivered,342,34,0
1860,2100,3158,2021-07-22,2021-07-28,2021-07-28,Delivered,256,120,0
1221,2675,3225,2021-07-22,2021-07-26,2021-07-26,Delivered,273,377,0
1294,2548,3492,2021-01-16,2021-01-20,2021-01-20,Delivered,442,433,0
1733,2669,3091,2021-05-16,2021-05-20,2021-05-18,Delivered,252,439,-2
1301,2239,3033,2021-02-22,2021-02-26,2021-02-26,Delivered,189,386,0
1574,2211,3335,2021-03-11,2021-03-16,2021-03-15,Delivered,354,205,-1
1891,2602,3232,2021-07-06,2021-07-13,2021-07-12,Delivered,457,382,-1
1693,2991,3483,2021-05-02,2021-05-07,2021-05-07,Delivered,156,117,0
1192,2187,3074,2021-04-19,2021-04-24,2021-04-24,Delivered,327,239,0
1439,2726,3000,2021-09-26,2021-10-03,2021-10-04,Delayed,115,334,1
1077,2603,3377,2021-07-18,2021-07-24,2021-07-24,Canceled,499,477,0
1238,2978,3187,2021-06-08,2021-06-15,2021-06-15,Canceled,250,348,0
1085,2110,3134,2021-11-15,2021-11-22,2021-11-21,Delivered,369,123,-1
1950,2166,3066,2021-05-29,2021-06-04,2021-06-04,Delivered,235,459,0
1257,2284,3025,2021-07-12,2021-07-16,2021-07-15,Delivered,324,153,-1
1558,2569,3128,2021-08-01,2021-08-08,2021-08-08,Delivered,143,48,0
1911,2558,3482,2021-11-09,2021-11-16,2021-11-16,Canceled,454,38,0
1415,2633,3048,2021-02-05,2021-02-11,2021-02-10,Delivered,245,450,-1
1468,2728,3000,2021-07-06,2021-07-11,2021-07-11,Delivered,245,149,0
1576,2591,3173,2021-03-31,2021-04-04,2021-04-02,Delivered,479,273,-2
1825,2443,3033,2021-10-26,2021-10-31,2021-10-30,Delivered,94,187,-1
1646,2318,3187,2021-11-04,2021-11-10,2021-11-10,Delivered,71,394,0
1892,2518,3225,2021-09-27,2021-10-03,2021-10-01,Canceled,214,44,-2
1718,2827,3284,2021-02-01,2021-02-05,2021-02-03,Delivered,178,407,-2
1217,2318,3296,2021-03-01,2021-03-06,2021-03-06,Delivered,211,26,0
1183,2763,3419,2021-08-14,2021-08-19,2021-08-19,Canceled,447,100,0
1328,2138,3301,2021-08-23,2021-08-30,2021-08-28,Delivered,393,377,-2
1306,2313,3223,2021-11-06,2021-11-10,2021-11-09,Canceled,71,63,-1
1084,2150,3079,2021-03-10,2021-03-17,2021-03-17,Delivered,394,423,0
1736,2903,3105,2021-10-26,2021-10-31,2021-10-31,Canceled,352,168,0
1337,2381,3244,2021-12-21,2021-12-27,2021-12-27,Delivered,339,397,0
1161,2475,3282,2021-03-26,2021-03-30,2021-03-29,Delivered,268,432,-1
1968,2353,3385,2021-03-27,2021-04-01,2021-04-01,Delivered,343,341,0
1663,2019,3436,2021-03-16,2021-03-21,2021-03-20,Delivered,404,181,-1
1646,2691,3445,2021-05-03,2021-05-07,2021-05-07,Delivered,371,224,0
1520,2222,3195,2021-11-09,2021-11-13,2021-11-13,Canceled,247,98,0
1312,2563,3290,2021-01-27,2021-02-03,2021-02-02,Delivered,175,33,-1
1164,2602,3150,2021-01-24,2021-01-30,2021-01-30,Delivered,334,266,0
1082,2294,3034,2021-06-18,2021-06-25,2021-06-25,Delivered,63,319,0
1140,2726,3294,2021-07-18,2021-07-22,2021-07-21,Delivered,42,189,-1
1098,2146,3403,2021-07-19,2021-07-24,2021-07-22,Delivered,88,139,-2
1454,2050,3330,2021-09-17,2021-09-21,2021-09-21,Delivered,365,417,0
1658,2746,3228,2021-09-10,2021-09-17,2021-09-15,Canceled,12,217,-2
1206,2457,3407,2021-09-20,2021-09-25,2021-09-24,Delivered,474,447,-1
1876,2343,3421,2021-03-20,2021-03-27,2021-03-26,Canceled,245,78,-1
1783,2969,3059,2021-02-04,2021-02-09,2021-02-09,Delivered,167,405,0
1160,2655,3474,2021-02-24,2021-03-02,2021-03-02,Canceled,232,402,0
1710,2501,3104,2021-10-01,2021-10-05,2021-10-04,Canceled,174,256,-1
1383,2818,3347,2021-04-04,2021-04-09,2021-04-09,Delivered,119,466,0
1794,2555,3174,2021-07-19,2021-07-23,2021-07-23,Canceled,342,182,0
1242,2473,3234,2021-05-10,2021-05-15,2021-05-14,Delivered,430,157,-1
1122,2829,3328,2021-07-24,2021-07-31,2021-07-30,Canceled,333,322,-1
1912,2936,3427,2021-10-02,2021-10-08,2021-10-08,Delivered,360,406,0
1150,2833,3414,2021-12-30,2022-01-06,2022-01-05,Canceled,240,302,-1
1824,2726,3132,2021-08-25,2021-08-29,2021-08-29,Delivered,353,17,0
1745,2804,3285,2021-11-09,2021-11-14,2021-11-14,Canceled,434,461,0
1236,2801,3379,2021-08-26,2021-09-01,2021-08-30,Delivered,161,273,-2
1819,2708,3383,2021-11-05,2021-11-09,2021-11-07,Delivered,152,359,-2
1566,2608,3177,2021-04-20,2021-04-25,2021-04-23,Delivered,401,180,-2
1067,2769,3305,2021-04-15,2021-04-22,2021-04-22,Delivered,275,305,0
1491,2905,3489,2021-03-16,2021-03-20,2021-03-19,Delivered,147,379,-1
1314,2043,3326,2021-06-29,2021-07-06,2021-07-05,Delivered,58,196,-1
1097,2316,3324,2021-09-01,2021-09-08,2021-09-08,Delivered,396,244,0
1098,2675,3154,2021-03-03,2021-03-09,2021-03-09,Delivered,17,225,0
1621,2207,3466,2021-07-30,2021-08-06,2021-08-04,Canceled,384,478,-2
1413,2056,3123,2021-08-25,2021-09-01,2021-08-30,Delivered,287,55,-2
1570,2993,3039,2021-10-12,2021-10-17,2021-10-15,Delivered,14,401,-2
1824,2194,3464,2021-04-30,2021-05-04,2021-05-02,Delivered,411,7,-2
1358,2723,3002,2021-04-01,2021-04-06,2021-04-04,Delivered,235,179,-2
1762,2810,3112,2021-02-14,2021-02-18,2021-02-17,Delivered,118,375,-1
1244,2753,3320,2021-07-06,2021-07-13,2021-07-12,Delivered,327,284,-1
1212,2104,3361,2021-11-25,2021-12-01,2021-12-01,Delivered,71,49,0
1919,2643,3389,2021-05-08,2021-05-12,2021-05-12,Delivered,369,422,0
1406,2832,3223,2021-03-29,2021-04-05,2021-04-04,Delivered,3,229,-1
1546,2349,3365,2021-04-26,2021-04-30,2021-04-30,Delivered,249,475,0
1601,2500,3275,2021-03-11,2021-03-18,2021-03-18,Delivered,360,193,0
1566,2830,3319,2021-03-24,2021-03-28,2021-03-28,Delivered,275,46,0
1641,2664,3037,2021-03-18,2021-03-25,2021-03-24,Delivered,291,16,-1
1607,2164,3114,2021-03-20,2021-03-26,2021-03-24,Canceled,364,100,-2
1825,2966,3115,2021-10-22,2021-10-26,2021-10-24,Canceled,215,94,-2
1964,2247,3426,2021-06-02,2021-06-07,2021-06-07,Delivered,88,424,0
1786,2930,3174,2021-03-02,2021-03-06,2021-03-05,Delivered,462,110,-1
1408,2605,3498,2021-12-05,2021-12-09,2021-12-07,Delivered,98,202,-2
1534,2725,3023,2021-06-14,2021-06-20,2021-06-20,Canceled,475,61,0
1138,2571,3317,2021-04-30,2021-05-04,2021-05-04,Delivered,320,135,0
1305,2780,3066,2021-03-19,2021-03-23,2021-03-23,Delivered,32,264,0
1139,2976,3282,2021-03-29,2021-04-05,2021-04-05,Delivered,199,55,0
1635,2757,3288,2021-05-31,2021-06-05,2021-06-05,Delivered,453,379,0
1168,2210,3460,2021-03-28,2021-04-04,2021-04-04,Delivered,120,488,0
1370,2556,3184,2021-12-13,2021-12-17,2021-12-15,Delivered,249,18,-2
1944,2868,3129,2021-10-03,2021-10-10,2021-10-09,Delivered,468,427,-1
1047,2323,3303,2021-07-22,2021-07-29,2021-07-29,Delivered,215,206,0
1399,2038,3469,2021-01-21,2021-01-27,2021-01-25,Delivered,170,136,-2
1697,2198,3321,2021-09-10,2021-09-14,2021-09-12,Canceled,286,106,-2
1988,2835,3335,2021-10-11,2021-10-15,2021-10-17,Delayed,12,138,2
1372,2374,3244,2021-01-24,2021-01-28,2021-01-28,Canceled,317,142,0
1871,2776,3327,2021-12-17,2021-12-22,2021-12-22,Delivered,154,200,0
1342,2293,3221,2021-11-01,2021-11-07,2021-11-06,Canceled,296,54,-1
1308,2856,3030,2021-02-20,2021-02-27,2021-02-25,Canceled,376,99,-2
1381,2230,3218,2021-08-20,2021-08-26,2021-08-24,Delivered,149,141,-2
1243,2973,3360,2021-05-25,2021-05-31,2021-05-31,Delivered,65,380,0
1994,2962,3355,2021-03-10,2021-03-14,2021-03-14,Delivered,412,352,0
1311,2029,3440,2021-02-13,2021-02-20,2021-02-20,Delivered,380,68,0
1372,2478,3090,2021-12-04,2021-12-09,2021-12-08,Delivered,160,383,-1
1608,2874,3102,2021-10-14,2021-10-20,2021-10-20,Delivered,499,388,0
1727,2747,3005,2021-12-16,2021-12-20,2021-12-18,Delivered,315,332,-2
1889,2131,3190,2021-04-14,2021-04-21,2021-04-20,Canceled,389,425,-1
1380,2912,3415,2021-12-01,2021-12-07,2021-12-07,Delivered,91,194,0
1010,2431,3111,2021-10-27,2021-11-02,2021-11-02,Canceled,128,451,0
1630,2746,3378,2021-08-21,2021-08-26,2021-08-25,Delivered,322,107,-1
1313,2410,3057,2021-11-15,2021-11-21,2021-11-21,Canceled,247,84,0
1906,2980,3370,2021-01-16,2021-01-21,2021-01-20,Delivered,487,241,-1
1142,2063,3178,2021-03-08,2021-03-13,2021-03-11,Delivered,269,331,-2
1077,2077,3113,2021-09-03,2021-09-10,2021-09-10,Delivered,168,428,0
1317,2581,3193,2021-02-18,2021-02-24,2021-02-22,Delivered,298,215,-2
1881,2508,3141,2021-06-09,2021-06-13,2021-06-14,Delayed,33,341,1
1957,2500,3046,2021-01-01,2021-01-08,2021-01-06,Delivered,65,479,-2
1976,2441,3466,2021-07-27,2021-07-31,2021-07-29,Delivered,342,414,-2
1765,2224,3431,2021-08-20,2021-08-24,2021-08-24,Delivered,36,12,0
1349,2107,3309,2021-02-22,2021-02-28,2021-02-26,Delivered,335,157,-2
1677,2176,3363,2021-05-09,2021-05-15,2021-05-15,Delivered,120,467,0
1604,2487,3332,2021-10-12,2021-10-17,2021-10-17,Delivered,125,228,0
1303,2080,3027,2021-10-12,2021-10-16,2021-10-15,Delivered,56,224,-1
1285,2703,3227,2021-03-12,2021-03-19,2021-03-19,Delivered,169,237,0
1453,2827,3025,2021-12-26,2022-01-01,2021-12-31,Delivered,42,400,-1
1526,2668,3289,2021-12-16,2021-12-20,2021-12-20,Delivered,370,347,0
1954,2525,3294,2021-11-30,2021-12-06,2021-12-06,Delivered,385,49,0
1344,2941,3415,2021-03-28,2021-04-04,2021-04-04,Delivered,471,189,0
1864,2939,3106,2021-01-30,2021-02-06,2021-02-06,Delivered,348,61,0
1510,2384,3295,2021-04-18,2021-04-24,2021-04-24,Delivered,46,264,0
1053,2084,3139,2021-08-11,2021-08-15,2021-08-15,Delivered,412,302,0
1151,2069,3170,2021-10-30,2021-11-04,2021-11-02,Delivered,218,130,-2
1468,2592,3106,2021-07-07,2021-07-14,2021-07-12,Delivered,195,409,-2
1127,2454,3295,2021-06-20,2021-06-25,2021-06-23,Canceled,333,382,-2
1097,2442,3051,2021-07-28,2021-08-03,2021-08-01,Delivered,452,492,-2
1035,2150,3370,2021-04-03,2021-04-07,2021-04-06,Delivered,297,271,-1
1491,2711,3114,2021-06-17,2021-06-21,2021-06-20,Canceled,2,443,-1
1341,2378,3275,2021-05-03,2021-05-09,2021-05-08,Delivered,433,12,-1
1364,2996,3244,2021-08-17,2021-08-24,2021-08-24,Delivered,481,344,0
1561,2161,3135,2021-05-07,2021-05-14,2021-05-14,Canceled,158,339,0
1642,2318,3166,2021-06-07,2021-06-12,2021-06-10,Canceled,73,478,-2
1777,2780,3482,2021-07-23,2021-07-29,2021-07-29,Delivered,77,113,0
1813,2834,3169,2021-06-18,2021-06-23,2021-06-23,Delivered,385,82,0
1933,2429,3320,2021-04-13,2021-04-18,2021-04-16,Delivered,390,358,-2
1234,2655,3349,2021-02-27,2021-03-03,2021-03-02,Canceled,323,470,-1
1263,2535,3269,2021-06-04,2021-06-10,2021-06-10,Delivered,89,325,0
1229,2261,3099,2021-04-04,2021-04-10,2021-04-10,Canceled,332,392,0
1887,2657,3157,2021-04-13,2021-04-18,2021-04-17,Delivered,29,476,-1
1986,2268,3145,2021-10-06,2021-10-10,2021-10-08,Canceled,69,299,-2
1145,2370,3472,2021-10-30,2021-11-06,2021-11-06,Delivered,50,192,0
1985,2676,3103,2021-11-06,2021-11-11,2021-11-11,Delivered,329,260,0
1639,2562,3242,2021-12-23,2021-12-30,2021-12-29,Delivered,286,452,-1
1977,2937,3433,2021-03-17,2021-03-21,2021-03-21,Delivered,68,192,0
1732,2361,3357,2021-12-04,2021-12-08,2021-12-08,Delivered,305,199,0
1776,2115,3255,2021-03-10,2021-03-16,2021-03-14,Delivered,263,194,-2
1194,2479,3414,2021-01-11,2021-01-18,2021-01-17,Delivered,103,486,-1
1367,2238,3159,2021-01-23,2021-01-28,2021-01-26,Canceled,399,366,-2
1307,2207,3146,2021-10-05,2021-10-11,2021-10-11,Canceled,108,383,0
1834,2160,3217,2021-02-11,2021-02-16,2021-02-16,Delivered,101,338,0
1849,2304,3146,2021-08-16,2021-08-20,2021-08-20,Delivered,257,475,0
1506,2150,3492,2021-04-18,2021-04-24,2021-04-24,Delivered,263,349,0
1294,2927,3144,2021-03-23,2021-03-30,2021-03-28,Delivered,412,296,-2
1007,2188,3286,2021-12-16,2021-12-23,2021-12-21,Delivered,266,392,-2
1614,2504,3339,2021-03-24,2021-03-31,2021-03-29,Canceled,85,41,-2
1684,2990,3222,2021-02-16,2021-02-21,2021-02-21,Delivered,218,277,0
1325,2574,3285,2021-05-02,2021-05-06,2021-05-05,Delivered,459,263,-1
1805,2747,3059,2021-04-20,2021-04-25,2021-04-23,Delivered,358,370,-2
1904,2509,3150,2021-07-25,2021-07-30,2021-07-30,Delivered,46,275,0
1591,2320,3407,2021-03-28,2021-04-02,2021-03-31,Delivered,474,207,-2
1920,2325,3113,2021-10-11,2021-10-18,2021-10-18,Canceled,488,4,0
1530,2064,3006,2021-01-31,2021-02-06,2021-02-05,Canceled,251,403,-1
1137,2061,3029,2021-03-16,2021-03-21,2021-03-21,Delivered,169,266,0
1071,2734,3100,2021-04-25,2021-04-29,2021-04-29,Delivered,364,180,0
1405,2168,3283,2021-04-29,2021-05-05,2021-05-04,Canceled,234,309,-1
1279,2726,3326,2021-12-29,2022-01-02,2022-01-02,Canceled,437,36,0
1529,2905,3261,2021-02-21,2021-02-28,2021-02-28,Delivered,324,116,0
1074,2125,3291,2021-10-24,2021-10-30,2021-10-28,Delivered,78,63,-2
1156,2915,3008,2021-12-27,2022-01-02,2021-12-31,Canceled,32,356,-2
1365,2491,3096,2021-01-04,2021-01-08,2021-01-08,Canceled,337,45,0
1555,2729,3221,2021-08-27,2021-09-02,2021-08-31,Canceled,87,82,-2
1590,2573,3419,2021-11-07,2021-11-12,2021-11-12,Canceled,411,320,0
1936,2032,3139,2021-08-30,2021-09-05,2021-09-03,Delivered,75,277,-2
1057,2596,3250,2021-06-05,2021-06-09,2021-06-08,Canceled,489,306,-1
1093,2602,3284,2021-01-01,2021-01-06,2021-01-04,Delivered,64,286,-2
1537,2709,3100,2021-10-11,2021-10-15,2021-10-15,Delivered,170,309,0
1585,2588,3114,2021-05-22,2021-05-27,2021-05-27,Delivered,444,399,0
1233,2134,3259,2021-01-09,2021-01-13,2021-01-13,Delivered,305,415,0
1514,2790,3144,2021-06-02,2021-06-08,2021-06-06,Delivered,437,40,-2
1751,2406,3346,2021-12-10,2021-12-17,2021-12-17,Delivered,200,406,0
1633,2936,3329,2021-09-05,2021-09-09,2021-09-09,Canceled,144,459,0
1221,2872,3074,2021-11-22,2021-11-26,2021-11-26,Canceled,345,166,0
1631,2277,3352,2021-02-02,2021-02-07,2021-02-07,Delivered,274,346,0
1429,2167,3262,2021-02-21,2021-02-27,2021-02-26,Canceled,133,125,-1
1270,2137,3042,2021-11-29,2021-12-04,2021-12-02,Canceled,206,63,-2
1459,2276,3124,2021-09-11,2021-09-18,2021-09-18,Delivered,311,157,0
1692,2689,3009,2021-01-30,2021-02-05,2021-02-05,Delivered,56,364,0
1578,2736,3082,2021-04-22,2021-04-27,2021-04-26,Delivered,307,244,-1
1371,2268,3205,2021-12-11,2021-12-17,2021-12-17,Delivered,94,425,0
1618,2580,3230,2021-09-05,2021-09-10,2021-09-10,Delivered,302,44,0
1781,2606,3031,2021-01-09,2021-01-14,2021-01-14,Delivered,162,479,0
1972,2769,3413,2021-10-23,2021-10-30,2021-10-30,Canceled,474,488,0
1255,2426,3288,2021-01-28,2021-02-03,2021-02-03,Canceled,166,199,0
1430,2630,3019,2021-01-08,2021-01-15,2021-01-13,Delivered,146,164,-2
1914,2321,3375,2021-11-21,2021-11-28,2021-11-27,Delivered,240,166,-1
1943,2619,3100,2021-08-23,2021-08-30,2021-08-29,Canceled,465,111,-1
1936,2451,3229,2021-05-12,2021-05-17,2021-05-15,Canceled,40,467,-2
1668,2920,3007,2021-05-06,2021-05-11,2021-05-10,Canceled,147,331,-1
1928,2394,3011,2021-02-22,2021-03-01,2021-03-01,Delivered,300,11,0
1779,2474,3353,2021-11-05,2021-11-10,2021-11-09,Delivered,6,149,-1
1085,2125,3404,2021-01-08,2021-01-13,2021-01-13,Canceled,23,56,0
1403,2250,3363,2021-02-18,2021-02-25,2021-02-23,Delivered,159,211,-2
1163,2336,3293,2021-11-10,2021-11-16,2021-11-16,Delivered,275,193,0
1093,2417,3050,2021-05-03,2021-05-07,2021-05-05,Delivered,321,314,-2
1148,2049,3329,2021-09-22,2021-09-27,2021-09-25,Delivered,176,387,-2
1937,2968,3120,2021-03-16,2021-03-20,2021-03-20,Delivered,341,179,0
1024,2781,3205,2021-02-03,2021-02-08,2021-02-06,Canceled,185,268,-2
1027,2750,3461,2021-11-01,2021-11-05,2021-11-05,Delivered,101,347,0
1991,2389,3325,2021-07-01,2021-07-05,2021-07-04,Delivered,29,484,-1
1557,2916,3387,2021-10-02,2021-10-09,2021-10-08,Canceled,216,61,-1
1941,2058,3456,2021-02-28,2021-03-04,2021-03-02,Delivered,275,160,-2
1203,2709,3241,2021-12-25,2021-12-29,2021-12-27,Delivered,407,332,-2
1472,2542,3285,2021-09-08,2021-09-12,2021-09-12,Canceled,120,319,0
1602,2226,3039,2021-11-12,2021-11-18,2021-11-17,Delivered,31,451,-1
1170,2929,3343,2021-06-05,2021-06-09,2021-06-09,Delivered,418,188,0
1692,2430,3307,2021-08-16,2021-08-21,2021-08-21,Canceled,197,290,0
1244,2546,3141,2021-03-05,2021-03-09,2021-03-07,Canceled,290,494,-2
1526,2480,3011,2021-08-16,2021-08-20,2021-08-20,Delivered,152,198,0
1725,2743,3403,2021-12-18,2021-12-24,2021-12-24,Canceled,134,357,0
1992,2592,3175,2021-04-09,2021-04-13,2021-04-13,Delivered,26,190,0
1580,2168,3187,2021-08-17,2021-08-21,2021-08-20,Delivered,372,209,-1
1294,2229,3356,2021-02-25,2021-03-04,2021-03-02,Delivered,211,128,-2
1686,2550,3163,2021-02-17,2021-02-24,2021-02-24,Delivered,308,325,0
1870,2878,3227,2021-12-26,2021-12-30,2021-12-30,Delivered,353,69,0
1994,2178,3044,2021-10-20,2021-10-24,2021-10-23,Delivered,492,22,-1
1968,2680,3025,2021-05-29,2021-06-02,2021-05-31,Delivered,62,231,-2
1172,2036,3020,2021-04-26,2021-05-03,2021-05-03,Canceled,239,98,0
1653,2335,3349,2021-07-28,2021-08-03,2021-08-03,Delivered,388,47,0
1086,2097,3093,2021-01-21,2021-01-28,2021-01-26,Delivered,322,136,-2
1290,2349,3260,2021-08-16,2021-08-20,2021-08-20,Delivered,452,161,0
1773,2722,3038,2021-11-26,2021-11-30,2021-11-30,Delivered,216,133,0
1203,2140,3249,2021-07-06,2021-07-11,2021-07-11,Delivered,446,36,0
1247,2879,3213,2021-02-28,2021-03-05,2021-03-05,Delivered,58,3,0
1131,2525,3291,2021-05-18,2021-05-24,2021-05-22,Delivered,422,58,-2
1196,2128,3229,2021-03-17,2021-03-24,2021-03-22,Delivered,287,398,-2
1920,2200,3064,2021-02-14,2021-02-21,2021-02-21,Delivered,112,184,0
1144,2127,3299,2021-12-03,2021-12-09,2021-12-09,Delivered,150,146,0
1057,2569,3071,2021-02-03,2021-02-07,2021-02-07,Canceled,302,438,0
1576,2633,3002,2021-07-20,2021-07-25,2021-07-25,Delivered,171,302,0
1573,2365,3375,2021-05-26,2021-06-01,2021-06-01,Delivered,399,352,0
1323,2021,3220,2021-11-21,2021-11-28,2021-11-27,Delivered,419,44,-1
1166,2591,3484,2021-05-11,2021-05-15,2021-05-13,Delivered,100,487,-2
1501,2430,3373,2021-05-30,2021-06-05,2021-06-05,Delivered,114,256,0
1483,2686,3308,2021-10-21,2021-10-26,2021-10-24,Canceled,93,162,-2
1481,2153,3271,2021-11-30,2021-12-05,2021-12-04,Delivered,424,473,-1
1596,2101,3078,2021-01-19,2021-01-26,2021-01-25,Delivered,306,329,-1
1045,2239,3196,2021-05-08,2021-05-15,2021-05-15,Delivered,185,489,0
1015,2860,3140,2021-06-12,2021-06-18,2021-06-18,Delivered,116,148,0
1484,2806,3218,2021-01-30,2021-02-03,2021-02-03,Canceled,100,19,0
1572,2206,3068,2021-12-24,2021-12-28,2021-12-28,Delivered,101,452,0
1666,2210,3180,2021-11-15,2021-11-20,2021-11-20,Delivered,365,500,0
1094,2950,3053,2021-05-29,2021-06-04,2021-06-02,Canceled,133,28,-2
1197,2625,3009,2021-04-27,2021-05-03,2021-05-03,Delivered,200,81,0
1163,2455,3311,2021-01-15,2021-01-22,2021-01-22,Delivered,490,280,0
1853,2303,3196,2021-02-19,2021-02-25,2021-02-25,Delivered,113,493,0
1737,2310,3057,2021-04-09,2021-04-14,2021-04-14,Canceled,420,72,0
1466,2342,3499,2021-08-24,2021-08-29,2021-08-29,Delivered,101,459,0
1280,2313,3436,2021-06-04,2021-06-09,2021-06-08,Delivered,181,462,-1
1693,2709,3395,2021-03-30,2021-04-03,2021-04-01,Delivered,144,121,-2
1705,2119,3352,2021-03-15,2021-03-19,2021-03-19,Delivered,484,251,0
1498,2017,3385,2021-05-09,2021-05-16,2021-05-14,Canceled,316,390,-2
1953,2756,3112,2021-11-04,2021-11-10,2021-11-08,Delivered,16,145,-2
1003,2058,3187,2021-10-23,2021-10-27,2021-10-27,Canceled,27,380,0
1890,2459,3454,2021-06-04,2021-06-11,2021-06-11,Delivered,390,84,0
1013,2840,3466,2021-10-14,2021-10-20,2021-10-19,Canceled,256,171,-1
1176,2972,3117,2021-04-29,2021-05-06,2021-05-06,Delivered,470,398,0
1852,2197,3008,2021-06-13,2021-06-17,2021-06-17,Delivered,431,117,0
1471,2267,3490,2021-07-04,2021-07-08,2021-07-08,Delivered,158,46,0
1336,2069,3186,2021-09-28,2021-10-02,2021-09-30,Delivered,331,299,-2
1607,2276,3415,2021-12-12,2021-12-16,2021-12-16,Delivered,16,359,0
1362,2747,3417,2021-02-13,2021-02-20,2021-02-18,Delivered,141,99,-2
1260,2873,3338,2021-03-07,2021-03-12,2021-03-12,Delivered,238,357,0
1703,2860,3129,2021-04-24,2021-04-30,2021-04-28,Canceled,250,57,-2
1913,2521,3450,2021-08-07,2021-08-14,2021-08-13,Delivered,402,198,-1
1307,2568,3221,2021-05-09,2021-05-14,2021-05-14,Canceled,350,454,0
1591,2194,3039,2021-04-12,2021-04-19,2021-04-18,Delivered,104,27,-1
1465,2465,3153,2021-10-17,2021-10-24,2021-10-24,Delivered,5,163,0
1362,2394,3194,2021-08-26,2021-09-02,2021-09-02,Delivered,404,158,0
1926,2005,3036,2021-10-05,2021-10-11,2021-10-10,Delivered,184,95,-1
1735,2319,3475,2021-03-07,2021-03-14,2021-03-14,Canceled,83,396,0
1954,2864,3067,2021-05-15,2021-05-20,2021-05-19,Delivered,4,114,-1
1769,2067,3430,2021-02-25,2021-03-02,2021-02-28,Delivered,287,285,-2
1703,2460,3494,2021-06-20,2021-06-27,2021-06-27,Delivered,35,122,0
1418,2171,3104,2021-11-02,2021-11-08,2021-11-08,Delivered,144,300,0
1306,2390,3492,2021-07-31,2021-08-04,2021-08-04,Delivered,235,14,0
1530,2993,3345,2021-06-23,2021-06-30,2021-06-28,Delivered,143,128,-2
1934,2905,3217,2021-06-13,2021-06-17,2021-06-17,Delivered,489,126,0
1070,2766,3473,2021-04-20,2021-04-24,2021-04-23,Delivered,31,258,-1
1586,2797,3064,2021-07-12,2021-07-17,2021-07-16,Delivered,210,240,-1
1525,2190,3184,2021-12-30,2022-01-06,2022-01-06,Delivered,124,212,0
1564,2707,3130,2021-10-05,2021-10-12,2021-10-12,Delivered,347,10,0
1521,2656,3276,2021-10-10,2021-10-15,2021-10-15,Canceled,383,293,0
1058,2202,3359,2021-08-24,2021-08-31,2021-08-29,Delivered,225,482,-2
1070,2785,3152,2021-09-28,2021-10-03,2021-10-03,Canceled,173,194,0
1402,2952,3441,2021-07-26,2021-08-01,2021-08-01,Delivered,308,106,0
1130,2430,3419,2021-11-03,2021-11-08,2021-11-06,Canceled,90,360,-2
1310,2964,3493,2021-06-24,2021-06-29,2021-06-28,Delivered,421,282,-1
1402,2949,3347,2021-10-27,2021-10-31,2021-10-31,Canceled,132,173,0
1119,2584,3473,2021-03-11,2021-03-17,2021-03-15,Delivered,332,417,-2
1414,2446,3129,2021-07-29,2021-08-02,2021-08-01,Delivered,97,234,-1
1198,2943,3251,2021-04-13,2021-04-20,2021-04-19,Delivered,31,356,-1
1965,2271,3101,2021-02-16,2021-02-20,2021-02-19,Delivered,314,359,-1
1578,2153,3457,2021-07-16,2021-07-21,2021-07-20,Delivered,225,277,-1
1247,2017,3292,2021-03-05,2021-03-11,2021-03-11,Delivered,140,109,0
1175,2548,3374,2021-11-25,2021-12-02,2021-12-02,Delivered,299,382,0
1931,2794,3002,2021-07-28,2021-08-03,2021-08-03,Delivered,420,177,0
1375,2967,3011,2021-08-13,2021-08-19,2021-08-19,Delivered,20,260,0
1676,2414,3054,2021-02-26,2021-03-04,2021-03-04,Delivered,231,23,0
1596,2864,3192,2021-10-22,2021-10-26,2021-10-26,Delivered,422,30,0
1327,2735,3301,2021-08-14,2021-08-19,2021-08-19,Canceled,124,201,0
1037,2088,3277,2021-03-06,2021-03-10,2021-03-09,Canceled,303,168,-1
1171,2176,3446,2021-02-07,2021-02-11,2021-02-09,Canceled,28,459,-2
1924,2049,3272,2021-07-14,2021-07-21,2021-07-21,Canceled,170,121,0
1021,2032,3457,2021-11-13,2021-11-20,2021-11-19,Delivered,171,314,-1
1479,2638,3393,2021-03-02,2021-03-08,2021-03-08,Delivered,205,417,0
1035,2297,3171,2021-05-06,2021-05-11,2021-05-10,Delivered,359,316,-1
1989,2950,3249,2021-03-24,2021-03-28,2021-03-26,Delivered,397,229,-2
1035,2388,3067,2021-04-17,2021-04-22,2021-04-22,Delivered,258,390,0
1844,2590,3496,2021-04-09,2021-04-15,2021-04-14,Delivered,102,300,-1
1824,2908,3199,2021-06-14,2021-06-19,2021-06-18,Delivered,38,54,-1
1276,2822,3031,2021-08-07,2021-08-14,2021-08-14,Delivered,204,431,0
1204,2386,3234,2021-07-22,2021-07-28,2021-07-27,Delivered,146,179,-1
1460,2141,3428,2021-11-07,2021-11-12,2021-11-12,Canceled,401,454,0
1394,2162,3254,2021-12-05,2021-12-11,2021-12-09,Delivered,430,498,-2
1174,2969,3436,2021-07-07,2021-07-14,2021-07-14,Delivered,181,336,0
1840,2091,3072,2021-04-22,2021-04-27,2021-04-27,Delivered,279,235,0
1673,2208,3256,2021-11-27,2021-12-03,2021-12-03,Delivered,419,80,0
1783,2449,3201,2021-10-20,2021-10-26,2021-10-25,Delivered,419,376,-1
1269,2211,3093,2021-07-18,2021-07-24,2021-07-24,Delivered,450,420,0
1779,2008,3111,2021-08-17,2021-08-23,2021-08-22,Delivered,414,390,-1
1177,2321,3279,2021-01-06,2021-01-11,2021-01-10,Delivered,456,255,-1
1672,2746,3163,2021-06-16,2021-06-22,2021-06-22,Canceled,304,160,0
1509,2194,3062,2021-03-17,2021-03-24,2021-03-24,Canceled,182,124,0
1043,2605,3115,2021-06-03,2021-06-09,2021-06-09,Delivered,183,217,0
1799,2111,3203,2021-10-03,2021-10-07,2021-10-07,Delivered,364,497,0
1786,2200,3181,2021-04-27,2021-05-02,2021-05-02,Canceled,100,103,0
1102,2579,3140,2021-01-07,2021-01-13,2021-01-11,Canceled,10,124,-2
1248,2244,3196,2021-11-06,2021-11-11,2021-11-11,Delivered,455,430,0
1885,2371,3250,2021-02-04,2021-02-09,2021-02-09,Delivered,111,426,0
1295,2511,3320,2021-11-09,2021-11-15,2021-11-15,Delivered,17,349,0
1314,2476,3021,2021-07-06,2021-07-13,2021-07-12,Delivered,129,78,-1
1639,2190,3023,2021-11-16,2021-11-23,2021-11-22,Canceled,446,377,-1
1131,2985,3321,2021-08-24,2021-08-28,2021-08-26,Delivered,313,286,-2
1825,2658,3405,2021-12-18,2021-12-24,2021-12-24,Canceled,195,316,0
1016,2540,3192,2021-11-27,2021-12-02,2021-11-30,Delivered,375,77,-2
1689,2196,3466,2021-05-29,2021-06-05,2021-06-03,Delivered,366,315,-2
1441,2903,3379,2021-04-11,2021-04-18,2021-04-17,Canceled,55,481,-1
1017,2520,3046,2021-11-22,2021-11-28,2021-11-28,Canceled,109,145,0
1735,2795,3316,2021-10-23,2021-10-30,2021-10-30,Delivered,204,101,0
1507,2162,3156,2021-01-25,2021-01-31,2021-01-29,Delivered,313,422,-2
1657,2105,3344,2021-09-09,2021-09-14,2021-09-12,Delivered,419,177,-2
1570,2634,3157,2021-11-08,2021-11-15,2021-11-15,Canceled,154,13,0
1431,2595,3320,2021-05-18,2021-05-22,2021-05-21,Delivered,437,482,-1
1803,2508,3293,2021-08-10,2021-08-15,2021-08-14,Canceled,65,392,-1
1884,2918,3392,2021-07-27,2021-08-01,2021-08-01,Delivered,162,489,0
1141,2472,3187,2021-03-11,2021-03-18,2021-03-16,Delivered,105,462,-2
1094,2185,3316,2021-09-12,2021-09-16,2021-09-16,Delivered,26,471,0
1242,2673,3075,2021-03-29,2021-04-05,2021-04-03,Delivered,276,10,-2
1088,2564,3276,2021-07-30,2021-08-05,2021-08-04,Delivered,115,43,-1
1385,2372,3221,2021-09-15,2021-09-21,2021-09-20,Canceled,478,76,-1
1640,2949,3179,2021-03-25,2021-03-31,2021-03-31,Delivered,442,186,0
1613,2391,3020,2021-05-11,2021-05-15,2021-05-15,Canceled,408,421,0
1682,2444,3384,2021-06-22,2021-06-27,2021-06-26,Delivered,110,380,-1
1947,2826,3350,2021-03-08,2021-03-12,2021-03-12,Canceled,32,146,0
1369,2972,3451,2021-08-04,2021-08-11,2021-08-11,Delivered,493,91,0
1685,2977,3324,2021-05-21,2021-05-25,2021-05-24,Canceled,146,445,-1
1169,2546,3251,2021-03-03,2021-03-08,2021-03-07,Delivered,388,466,-1
1153,2101,3321,2021-09-29,2021-10-03,2021-10-03,Delivered,44,253,0
1326,2610,3220,2021-10-11,2021-10-16,2021-10-16,Delivered,369,397,0
1310,2648,3347,2021-07-10,2021-07-14,2021-07-14,Delivered,106,479,0
1391,2045,3264,2021-07-30,2021-08-03,2021-08-03,Delivered,360,339,0
1441,2741,3402,2021-01-13,2021-01-19,2021-01-19,Delivered,306,369,0
1079,2412,3176,2021-03-14,2021-03-20,2021-03-20,Delivered,436,363,0
1717,2224,3387,2021-04-24,2021-04-30,2021-04-30,Delivered,32,441,0
1497,2127,3085,2021-11-16,2021-11-21,2021-11-19,Delivered,20,133,-2
1000,2784,3411,2021-11-22,2021-11-27,2021-11-27,Delivered,311,6,0
1385,2515,3252,2021-12-24,2021-12-28,2021-12-28,Delivered,171,58,0
1056,2040,3485,2021-05-21,2021-05-25,2021-05-24,Canceled,268,41,-1
1942,2670,3015,2021-12-09,2021-12-13,2021-12-13,Delivered,28,186,0
1837,2198,3214,2021-10-09,2021-10-15,2021-10-15,Canceled,276,102,0
1031,2780,3419,2021-11-02,2021-11-08,2021-11-06,Delivered,237,18,-2
1801,2696,3082,2021-12-14,2021-12-20,2021-12-18,Delivered,346,428,-2
1271,2014,3155,2021-06-23,2021-06-30,2021-06-30,Delivered,198,156,0
1133,2942,3499,2021-01-31,2021-02-06,2021-02-04,Delivered,132,22,-2
1147,2019,3075,2021-04-23,2021-04-28,2021-04-28,Delivered,347,442,0
1144,2448,3264,2021-08-08,2021-08-12,2021-08-10,Canceled,236,230,-2
1447,2250,3156,2021-03-11,2021-03-15,2021-03-14,Canceled,283,87,-1
1010,2827,3155,2021-05-13,2021-05-18,2021-05-18,Delivered,347,176,0
1079,2846,3049,2021-09-26,2021-10-01,2021-10-01,Delivered,320,492,0
1863,2274,3484,2021-09-07,2021-09-13,2021-09-12,Delivered,350,469,-1
1141,2402,3375,2021-05-07,2021-05-11,2021-05-11,Delivered,397,263,0
1672,2824,3280,2021-09-11,2021-09-15,2021-09-13,Delivered,267,20,-2
1803,2788,3103,2021-01-28,2021-02-03,2021-02-02,Delivered,337,60,-1
1114,2311,3115,2021-06-23,2021-06-28,2021-06-28,Delivered,219,300,0
1722,2474,3341,2021-08-12,2021-08-18,2021-08-18,Delivered,445,108,0
1922,2690,3445,2021-09-19,2021-09-26,2021-09-26,Delivered,330,464,0
1213,2151,3093,2021-02-01,2021-02-08,2021-02-06,Canceled,308,204,-2
1310,2159,3108,2021-11-20,2021-11-26,2021-11-26,Delivered,89,361,0
1907,2279,3079,2021-05-24,2021-05-29,2021-05-29,Canceled,48,303,0
1908,2442,3011,2021-03-01,2021-03-06,2021-03-05,Delivered,248,205,-1
1679,2622,3356,2021-04-03,2021-04-10,2021-04-10,Delivered,499,52,0
1244,2555,3291,2021-05-31,2021-06-05,2021-06-05,Delivered,358,10,0
1182,2050,3416,2021-07-20,2021-07-24,2021-07-24,Delivered,22,376,0
1969,2525,3123,2021-04-27,2021-05-04,2021-05-04,Delivered,161,242,0
1785,2836,3160,2021-05-19,2021-05-24,2021-05-22,Delivered,219,348,-2
1555,2580,3225,2021-05-03,2021-05-07,2021-05-06,Canceled,133,136,-1
1702,2635,3006,2021-01-12,2021-01-17,2021-01-15,Delivered,136,148,-2
1131,2856,3183,2021-12-25,2022-01-01,2022-01-01,Delivered,300,140,0
1287,2584,3370,2021-03-05,2021-03-09,2021-03-08,Canceled,278,190,-1
1511,2750,3273,2021-11-04,2021-11-09,2021-11-09,Delivered,352,186,0
1063,2890,3180,2021-08-09,2021-08-13,2021-08-13,Delivered,458,374,0
1816,2511,3236,2021-10-15,2021-10-22,2021-10-20,Delivered,424,167,-2
1268,2681,3246,2021-10-13,2021-10-18,2021-10-17,Delivered,246,8,-1
1703,2460,3048,2021-11-23,2021-11-28,2021-11-28,Delivered,11,288,0
1975,2101,3131,2021-02-10,2021-02-14,2021-02-13,Delivered,89,273,-1
1952,2058,3032,2021-11-06,2021-11-12,2021-11-11,Delivered,381,151,-1
1649,2989,3323,2021-09-10,2021-09-14,2021-09-13,Canceled,461,279,-1
1609,2979,3390,2021-06-07,2021-06-11,2021-06-09,Delivered,318,420,-2
1819,2643,3257,2021-09-06,2021-09-11,2021-09-11,Delivered,24,404,0
1461,2590,3494,2021-03-08,2021-03-12,2021-03-12,Delivered,421,135,0
1126,2703,3363,2021-02-21,2021-02-25,2021-02-25,Delivered,158,435,0
1444,2802,3361,2021-11-16,2021-11-23,2021-11-22,Canceled,364,470,-1
1406,2608,3034,2021-10-11,2021-10-16,2021-10-16,Delivered,90,233,0
1323,2676,3157,2021-12-23,2021-12-29,2021-12-28,Canceled,264,46,-1
1876,2531,3198,2021-09-11,2021-09-16,2021-09-16,Delivered,12,332,0
1278,2713,3291,2021-02-05,2021-02-09,2021-02-09,Delivered,280,82,0
1020,2678,3302,2021-08-18,2021-08-25,2021-08-23,Delivered,430,218,-2
1979,2267,3460,2021-03-12,2021-03-17,2021-03-15,Delivered,174,456,-2
1871,2213,3177,2021-05-20,2021-05-24,2021-05-24,Delivered,22,252,0
1079,2844,3028,2021-07-10,2021-07-14,2021-07-14,Delivered,296,415,0
1202,2902,3339,2021-12-07,2021-12-12,2021-12-12,Canceled,146,458,0
1484,2801,3349,2021-10-15,2021-10-21,2021-10-22,Delayed,481,64,1
1189,2862,3384,2021-07-08,2021-07-13,2021-07-12,Delivered,166,495,-1
1573,2325,3477,2021-04-19,2021-04-24,2021-04-23,Canceled,19,93,-1
1825,2383,3120,2021-09-13,2021-09-18,2021-09-16,Canceled,475,337,-2
1019,2400,3218,2021-05-17,2021-05-22,2021-05-22,Delivered,314,61,0
1867,2573,3094,2021-05-13,2021-05-17,2021-05-15,Canceled,282,405,-2
1245,2850,3043,2021-09-19,2021-09-26,2021-09-25,Delivered,123,381,-1
1917,2562,3139,2021-04-24,2021-05-01,2021-05-01,Delivered,197,220,0
1610,2246,3038,2021-05-30,2021-06-04,2021-06-06,Delayed,70,363,2
1170,2383,3276,2021-11-19,2021-11-23,2021-11-21,Delivered,341,17,-2
1922,2891,3392,2021-01-31,2021-02-07,2021-02-07,Delivered,161,347,0
